<?xml version="1.0" encoding="UTF-8"?>
<faces-config xmlns="http://xmlns.jcp.org/xml/ns/javaee"
              xmlns:xsi="http://www.w3.org/2001/XMLSchema-instance"
              xsi:schemaLocation="http://xmlns.jcp.org/xml/ns/javaee
              http://xmlns.jcp.org/xml/ns/javaee/web-facesconfig_2_3.xsd"
              version="2.3">

    <navigation-rule>
    <from-view-id>/admin.xhtml</from-view-id>
    <navigation-case>
        <from-outcome>adminpolicy</from-outcome>
        <to-view-id>/adminpolicy.xhtml</to-view-id>
    </navigation-case>
    <navigation-case>
        <from-outcome>adminclaimhistory</from-outcome>
        <to-view-id>/adminclaimhistory.xhtml</to-view-id>
    </navigation-case>
    <navigation-case>
        <from-outcome>adminusers</from-outcome>
        <to-view-id>/adminusers.xhtml</to-view-id>
    </navigation-case>
    <navigation-case>
        <from-outcome>adminstatistics</from-outcome>
        <to-view-id>/adminstatistics.xhtml</to-view-id>
    </navigation-case>
</navigation-rule>


</faces-config>
